URL,date,indexState,position,impressions,clicks,internalLinksIn,wordCount,paragraphCount,title,H1,canonical
https://master-na-dom.online/dezinfekciya-lipetsk,2026-09-16,noindex,,,,157,0,0,"Дезинфекция в Липецке: выезд 30 мин, оплата после работ",Дезинфекция в Липецке — выезд за 30 минут,https://master-na-dom.online/dezinfekciya-lipetsk
https://master-na-dom.online/klining-lipetsk,2026-09-16,noindex,,,,157,0,0,"Клининг в Липецке: выезд 30 мин, оплата после работ",Клининг в Липецке — выезд за 30 минут,https://master-na-dom.online/klining-lipetsk
https://master-na-dom.online/sborka-mebeli-lipetsk,2026-09-16,noindex,,,,157,0,0,"Сборка мебели в Липецке: выезд 30 мин, оплата после работ",Сборка мебели в Липецке — выезд за 30 минут,https://master-na-dom.online/sborka-mebeli-lipetsk
https://master-na-dom.online/dezinfekciya-tver,2026-09-16,noindex,,,,157,0,0,"Дезинфекция в Твери: выезд 30 мин, оплата после работ",Дезинфекция в Твери — выезд за 30 минут,https://master-na-dom.online/dezinfekciya-tver
https://master-na-dom.online/klining-tver,2026-09-16,noindex,,,,157,0,0,"Клининг в Твери: выезд 30 мин, оплата после работ",Клининг в Твери — выезд за 30 минут,https://master-na-dom.online/klining-tver
https://master-na-dom.online/sborka-mebeli-tver,2026-09-16,noindex,,,,157,0,0,"Сборка мебели в Твери: выезд 30 мин, оплата после работ",Сборка мебели в Твери — выезд за 30 минут,https://master-na-dom.online/sborka-mebeli-tver
https://master-na-dom.online/dezinfekciya-moskva,2026-09-16,noindex,,,,157,0,0,"Дезинфекция в Москве: выезд 30 мин, оплата после работ",Дезинфекция в Москве — выезд за 30 минут,https://master-na-dom.online/dezinfekciya-moskva
https://master-na-dom.online/klining-moskva,2026-09-16,noindex,,,,157,0,0,"Клининг в Москве: выезд 30 мин, оплата после работ",Клининг в Москве — выезд за 30 минут,https://master-na-dom.online/klining-moskva
https://master-na-dom.online/sborka-mebeli-moskva,2026-09-16,noindex,,,,157,0,0,"Сборка мебели в Москве: выезд 30 мин, оплата после работ",Сборка мебели в Москве — выезд за 30 минут,https://master-na-dom.online/sborka-mebeli-moskva
https://master-na-dom.online/dezinfekciya-ryazan,2026-09-16,noindex,,,,157,0,0,"Дезинфекция в Рязани: выезд 30 мин, оплата после работ",Дезинфекция в Рязани — выезд за 30 минут,https://master-na-dom.online/dezinfekciya-ryazan
https://master-na-dom.online/klining-ryazan,2026-09-16,noindex,,,,157,0,0,"Клининг в Рязани: выезд 30 мин, оплата после работ",Клининг в Рязани — выезд за 30 минут,https://master-na-dom.online/klining-ryazan
https://master-na-dom.online/sborka-mebeli-ryazan,2026-09-16,noindex,,,,157,0,0,"Сборка мебели в Рязани: выезд 30 мин, оплата после работ",Сборка мебели в Рязани — выезд за 30 минут,https://master-na-dom.online/sborka-mebeli-ryazan
https://master-na-dom.online/dezinfekciya-vladimir,2026-09-16,noindex,,,,157,0,0,"Дезинфекция во Владимире: выезд 30 мин, оплата после работ",Дезинфекция в Владимире — выезд за 30 минут,https://master-na-dom.online/dezinfekciya-vladimir
https://master-na-dom.online/klining-vladimir,2026-09-16,noindex,,,,157,0,0,"Клининг во Владимире: выезд 30 мин, оплата после работ",Клининг в Владимире — выезд за 30 минут,https://master-na-dom.online/klining-vladimir
https://master-na-dom.online/sborka-mebeli-vladimir,2026-09-16,noindex,,,,157,0,0,"Сборка мебели во Владимире: выезд 30 мин, оплата после работ",Сборка мебели в Владимире — выезд за 30 минут,https://master-na-dom.online/sborka-mebeli-vladimir
https://master-na-dom.online/dezinfekciya-kaluga,2026-09-16,noindex,,,,157,0,0,"Дезинфекция в Калуге: выезд 30 мин, оплата после работ",Дезинфекция в Калуге — выезд за 30 минут,https://master-na-dom.online/dezinfekciya-kaluga
https://master-na-dom.online/klining-kaluga,2026-09-16,noindex,,,,157,0,0,"Клининг в Калуге: выезд 30 мин, оплата после работ",Клининг в Калуге — выезд за 30 минут,https://master-na-dom.online/klining-kaluga
https://master-na-dom.online/sborka-mebeli-kaluga,2026-09-16,noindex,,,,157,0,0,"Сборка мебели в Калуге: выезд 30 мин, оплата после работ",Сборка мебели в Калуге — выезд за 30 минут,https://master-na-dom.online/sborka-mebeli-kaluga
https://master-na-dom.online/dezinfekciya-kursk,2026-09-16,noindex,,,,157,0,0,"Дезинфекция в Курске: выезд 30 мин, оплата после работ",Дезинфекция в Курске — выезд за 30 минут,https://master-na-dom.online/dezinfekciya-kursk
https://master-na-dom.online/klining-kursk,2026-09-16,noindex,,,,157,0,0,"Клининг в Курске: выезд 30 мин, оплата после работ",Клининг в Курске — выезд за 30 минут,https://master-na-dom.online/klining-kursk
https://master-na-dom.online/sborka-mebeli-kursk,2026-09-16,noindex,,,,157,0,0,"Сборка мебели в Курске: выезд 30 мин, оплата после работ",Сборка мебели в Курске — выезд за 30 минут,https://master-na-dom.online/sborka-mebeli-kursk
https://master-na-dom.online/dezinfekciya-smolensk,2026-09-16,noindex,,,,157,0,0,"Дезинфекция в Смоленске: выезд 30 мин, оплата после работ",Дезинфекция в Смоленске — выезд за 30 минут,https://master-na-dom.online/dezinfekciya-smolensk
https://master-na-dom.online/klining-smolensk,2026-09-16,noindex,,,,157,0,0,"Клининг в Смоленске: выезд 30 мин, оплата после работ",Клининг в Смоленске — выезд за 30 минут,https://master-na-dom.online/klining-smolensk
https://master-na-dom.online/sborka-mebeli-smolensk,2026-09-16,noindex,,,,157,0,0,"Сборка мебели в Смоленске: выезд 30 мин, оплата после работ",Сборка мебели в Смоленске — выезд за 30 минут,https://master-na-dom.online/sborka-mebeli-smolensk
https://master-na-dom.online/dezinfekciya-tambov,2026-09-16,noindex,,,,157,0,0,"Дезинфекция в Тамбове: выезд 30 мин, оплата после работ",Дезинфекция в Тамбове — выезд за 30 минут,https://master-na-dom.online/dezinfekciya-tambov
https://master-na-dom.online/klining-tambov,2026-09-16,noindex,,,,157,0,0,"Клининг в Тамбове: выезд 30 мин, оплата после работ",Клининг в Тамбове — выезд за 30 минут,https://master-na-dom.online/klining-tambov
https://master-na-dom.online/sborka-mebeli-tambov,2026-09-16,noindex,,,,157,0,0,"Сборка мебели в Тамбове: выезд 30 мин, оплата после работ",Сборка мебели в Тамбове — выезд за 30 минут,https://master-na-dom.online/sborka-mebeli-tambov
https://master-na-dom.online/dezinfekciya-tula,2026-09-16,noindex,,,,157,0,0,"Дезинфекция в Туле: выезд 30 мин, оплата после работ",Дезинфекция в Туле — выезд за 30 минут,https://master-na-dom.online/dezinfekciya-tula
https://master-na-dom.online/klining-tula,2026-09-16,noindex,,,,157,0,0,"Клининг в Туле: выезд 30 мин, оплата после работ",Клининг в Туле — выезд за 30 минут,https://master-na-dom.online/klining-tula
https://master-na-dom.online/sborka-mebeli-tula,2026-09-16,noindex,,,,157,0,0,"Сборка мебели в Туле: выезд 30 мин, оплата после работ",Сборка мебели в Туле — выезд за 30 минут,https://master-na-dom.online/sborka-mebeli-tula
https://master-na-dom.online/dezinfekciya-yaroslavl,2026-09-16,noindex,,,,157,0,0,"Дезинфекция в Ярославле: выезд 30 мин, оплата после работ",Дезинфекция в Ярославле — выезд за 30 минут,https://master-na-dom.online/dezinfekciya-yaroslavl
https://master-na-dom.online/klining-yaroslavl,2026-09-16,noindex,,,,157,0,0,"Клининг в Ярославле: выезд 30 мин, оплата после работ",Клининг в Ярославле — выезд за 30 минут,https://master-na-dom.online/klining-yaroslavl
https://master-na-dom.online/sborka-mebeli-yaroslavl,2026-09-16,noindex,,,,157,0,0,"Сборка мебели в Ярославле: выезд 30 мин, оплата после работ",Сборка мебели в Ярославле — выезд за 30 минут,https://master-na-dom.online/sborka-mebeli-yaroslavl
https://master-na-dom.online/dezinfekciya-bryansk,2026-09-16,noindex,,,,157,0,0,"Дезинфекция в Брянске: выезд 30 мин, оплата после работ",Дезинфекция в Брянске — выезд за 30 минут,https://master-na-dom.online/dezinfekciya-bryansk
https://master-na-dom.online/klining-bryansk,2026-09-16,noindex,,,,157,0,0,"Клининг в Брянске: выезд 30 мин, оплата после работ",Клининг в Брянске — выезд за 30 минут,https://master-na-dom.online/klining-bryansk
https://master-na-dom.online/sborka-mebeli-bryansk,2026-09-16,noindex,,,,157,0,0,"Сборка мебели в Брянске: выезд 30 мин, оплата после работ",Сборка мебели в Брянске — выезд за 30 минут,https://master-na-dom.online/sborka-mebeli-bryansk
https://master-na-dom.online/remont-holodilnikov-blagoveshchensk,2026-09-16,noindex,,,,57,0,0,Ремонт холодильников в Благовещенске — оплата после работ,Ремонт холодильников в Благовещенске — выезд за 30 минут,https://master-na-dom.online/remont-holodilnikov-blagoveshchensk
https://master-na-dom.online/remont-holodilnikov-elabuga,2026-09-16,noindex,,,,57,0,0,"Ремонт холодильников в Елабуге: выезд 30 мин, без предоплаты",Ремонт холодильников в Елабуге — выезд за 30 минут,https://master-na-dom.online/remont-holodilnikov-elabuga
https://master-na-dom.online/remont-holodilnikov-zhigulyovsk,2026-09-16,noindex,,,,57,0,0,"Ремонт холодильников в Жигулёвске — оплата после работ, 24/7",Ремонт холодильников в Жигулёвске — выезд за 30 минут,https://master-na-dom.online/remont-holodilnikov-zhigulyovsk
https://master-na-dom.online/remont-holodilnikov-izhevsk,2026-09-16,noindex,,,,57,0,0,"Ремонт холодильников в Ижевске: выезд 30 мин, без предоплаты",Ремонт холодильников в Ижевске — выезд за 30 минут,https://master-na-dom.online/remont-holodilnikov-izhevsk
https://master-na-dom.online/remont-holodilnikov-mendeleevsk,2026-09-16,noindex,,,,57,0,0,Ремонт холодильников в Менделеевске — оплата после работ,Ремонт холодильников в Менделеевске — выезд за 30 минут,https://master-na-dom.online/remont-holodilnikov-mendeleevsk
https://master-na-dom.online/remont-holodilnikov-naberezhnye-chelny,2026-09-16,noindex,,,,57,0,0,Ремонт холодильников в Набережных Челнах — выезд за 30 минут,Ремонт холодильников в Набережных Челнах — выезд за 30 минут,https://master-na-dom.online/remont-holodilnikov-naberezhnye-chelny
https://master-na-dom.online/remont-holodilnikov-svetlyy,2026-09-16,noindex,,,,57,0,0,"Ремонт холодильников в Светлом: выезд 30 мин, без предоплаты",Ремонт холодильников в Светлом — выезд за 30 минут,https://master-na-dom.online/remont-holodilnikov-svetlyy
https://master-na-dom.online/remont-holodilnikov-sredneuralsk,2026-09-16,noindex,,,,57,0,0,Ремонт холодильников в Среднеуральске — оплата после работ,Ремонт холодильников в Среднеуральске — выезд за 30 минут,https://master-na-dom.online/remont-holodilnikov-sredneuralsk
https://master-na-dom.online/remont-holodilnikov-syktyvkar,2026-09-16,noindex,,,,57,0,0,"Ремонт холодильников в Сыктывкаре — оплата после работ, 24/7",Ремонт холодильников в Сыктывкаре — выезд за 30 минут,https://master-na-dom.online/remont-holodilnikov-syktyvkar
https://master-na-dom.online/remont-holodilnikov-tsivilsk,2026-09-16,noindex,,,,57,0,0,"Ремонт холодильников в Цивильске — оплата после работ, 24/7",Ремонт холодильников в Цивильске — выезд за 30 минут,https://master-na-dom.online/remont-holodilnikov-tsivilsk
https://master-na-dom.online/remont-holodilnikov-chapaevsk,2026-09-16,noindex,,,,57,0,0,"Ремонт холодильников в Чапаевске — оплата после работ, 24/7",Ремонт холодильников в Чапаевске — выезд за 30 минут,https://master-na-dom.online/remont-holodilnikov-chapaevsk
https://master-na-dom.online/remont-holodilnikov-belogorsk,2026-09-16,noindex,,,,57,0,0,"Ремонт холодильников в Белогорске — оплата после работ, 24/7",Ремонт холодильников в Белогорске — выезд за 30 минут,https://master-na-dom.online/remont-holodilnikov-belogorsk
https://master-na-dom.online/remont-holodilnikov-bugry,2026-09-16,noindex,,,,57,0,0,"Ремонт холодильников в Буграх: выезд 30 мин, без предоплаты",Ремонт холодильников в Буграх — выезд за 30 минут,https://master-na-dom.online/remont-holodilnikov-bugry
https://master-na-dom.online/remont-holodilnikov-volzhsk,2026-09-16,noindex,,,,57,0,0,"Ремонт холодильников в Волжске: выезд 30 мин, без предоплаты",Ремонт холодильников в Волжске — выезд за 30 минут,https://master-na-dom.online/remont-holodilnikov-volzhsk
https://master-na-dom.online/remont-holodilnikov-evpatoriya,2026-09-16,noindex,,,,57,0,0,"Ремонт холодильников в Евпатории — оплата после работ, 24/7",Ремонт холодильников в Евпатории — выезд за 30 минут,https://master-na-dom.online/remont-holodilnikov-evpatoriya
https://master-na-dom.online/remont-holodilnikov-ishimbay,2026-09-16,noindex,,,,57,0,0,"Ремонт холодильников в Ишимбае: выезд 30 мин, без предоплаты",Ремонт холодильников в Ишимбае — выезд за 30 минут,https://master-na-dom.online/remont-holodilnikov-ishimbay
https://master-na-dom.online/remont-holodilnikov-kaltan,2026-09-16,noindex,,,,57,0,0,"Ремонт холодильников в Калтане: выезд 30 мин, без предоплаты",Ремонт холодильников в Калтане — выезд за 30 минут,https://master-na-dom.online/remont-holodilnikov-kaltan
https://master-na-dom.online/remont-holodilnikov-oktyabrsk,2026-09-16,noindex,,,,57,0,0,"Ремонт холодильников в Октябрьске — оплата после работ, 24/7",Ремонт холодильников в Октябрьске — выезд за 30 минут,https://master-na-dom.online/remont-holodilnikov-oktyabrsk
https://master-na-dom.online/remont-holodilnikov-pavlovsk,2026-09-16,noindex,,,,57,0,0,"Ремонт холодильников в Павловске — оплата после работ, 24/7",Ремонт холодильников в Павловске — выезд за 30 минут,https://master-na-dom.online/remont-holodilnikov-pavlovsk
https://master-na-dom.online/remont-holodilnikov-penza,2026-09-16,noindex,,,,57,0,0,"Ремонт холодильников в Пензе: выезд 30 мин, без предоплаты",Ремонт холодильников в Пензе — выезд за 30 минут,https://master-na-dom.online/remont-holodilnikov-penza
https://master-na-dom.online/remont-holodilnikov-saki,2026-09-16,noindex,,,,57,0,0,"Ремонт холодильников в Саках: выезд 30 мин, без предоплаты",Ремонт холодильников в Саках — выезд за 30 минут,https://master-na-dom.online/remont-holodilnikov-saki
https://master-na-dom.online/remont-holodilnikov-salavat,2026-09-16,noindex,,,,57,0,0,"Ремонт холодильников в Салавате — оплата после работ, 24/7",Ремонт холодильников в Салавате — выезд за 30 минут,https://master-na-dom.online/remont-holodilnikov-salavat
https://master-na-dom.online/remont-holodilnikov-sterlitamak,2026-09-16,noindex,,,,57,0,0,Ремонт холодильников в Стерлитамаке — оплата после работ,Ремонт холодильников в Стерлитамаке — выезд за 30 минут,https://master-na-dom.online/remont-holodilnikov-sterlitamak
https://master-na-dom.online/remont-holodilnikov-syzran,2026-09-16,noindex,,,,57,0,0,"Ремонт холодильников в Сызрани: выезд 30 мин, без предоплаты",Ремонт холодильников в Сызрани — выезд за 30 минут,https://master-na-dom.online/remont-holodilnikov-syzran
