keyword,url,position,previousPosition,frequency,region,pageType,bucket,positionWeight,intentMultiplier,score
ремонт холодильников арамиль,https://master-na-dom.online/remont-holodilnikov-aramil,16,7,99,Арамиль,SERVICE_CITY,11-20,10,1.2,79.9
ремонт стиральных машин арамиль,https://master-na-dom.online/remont-stiralnyh-mashin-aramil,11,17,46,Арамиль,SERVICE_CITY,11-20,10,1.2,67.02
мастер по кондиционерам тольятти,https://master-na-dom.online/remont-kondicionerov-tolyatti,30,,36,Тольятти,SERVICE_CITY,21-30,8,1.2,50.38
электрик энгельс,https://master-na-dom.online/elektrik-engels,45,,998,Энгельс,SERVICE_CITY,31-50,4,1.2,47.84
ремонт холодильников оренбург,https://master-na-dom.online/remont-holodilnikov-orenburg,46,88,868,Оренбург,SERVICE_CITY,31-50,4,1.2,46.87
ремонт телевизоров вологда,https://master-na-dom.online/remont-televizorov-vologda,42,87,757,Вологда,SERVICE_CITY,31-50,4,1.2,45.93
ремонт посудомоечных машин кемерово,https://master-na-dom.online/remont-pmm-kemerovo,30,74,22,Кемерово,SERVICE_CITY,21-30,8,1.2,44.02
мастер по ремонту холодильников томск,https://master-na-dom.online/remont-holodilnikov-tomsk,24,,15,Томск,SERVICE_CITY,21-30,8,1.2,39.24
мастер на час новокуйбышевск,https://master-na-dom.online/master-na-chas-novokuybyshevsk,19,19,6,Новокуйбышевск,SERVICE_CITY,11-20,10,1.2,36
ремонт холодильников кострома,https://master-na-dom.online/remont-holodilnikov-kostroma,15,61,5,Кострома,SERVICE_CITY,11-20,10,1.2,33.69
ремонт посудомоечных машин томск,https://master-na-dom.online/remont-pmm-tomsk,33,,78,Томск,SERVICE_CITY,31-50,4,1.2,30.35
ремонт стиральных машин в кемерово на дому,https://master-na-dom.online/remont-stiralnyh-mashin-kemerovo,32,,49,Кемерово,SERVICE_CITY,31-50,4,1.2,27.23
мастер на дом тула,https://master-na-dom.online/master-na-chas-tula,25,25,5,Тула,SERVICE_CITY,21-30,8,1.2,26.95
сантехник бор,https://master-na-dom.online/santehnik-bor,26,26,4,Бор,SERVICE_CITY,21-30,8,1.2,24.82
ремонт кофемашин в калининград,https://master-na-dom.online/remont-kofemashin-kaliningrad,48,54,20,Калининград,SERVICE_CITY,31-50,4,1.2,21.41
ремонт стиральной машины волжский недорого,https://master-na-dom.online/remont-stiralnyh-mashin-volzhskiy,24,12,2,Волжский,SERVICE_CITY,21-30,8,1.2,19.2
мастер на час энгельс,https://master-na-dom.online/master-na-chas-engels,17,19,1,Энгельс,SERVICE_CITY,11-20,10,1.2,19.02
ремонт посудомоечных машин воронеж,https://master-na-dom.online/remont-pmm-voronezh,74,,119,Воронеж,SERVICE_CITY,51-100,2,1.2,16.61
ремонт пластиковых окон в кстово,https://master-na-dom.online/remont-okon-kstovo,35,,7,Кстово,SERVICE_CITY,31-50,4,1.2,15.22
ремонт посудомойки волжский,https://master-na-dom.online/remont-pmm-volzhskiy,22,,1,Волжский,SERVICE_CITY,21-30,8,1.2,15.22
вызов сантехника на дом кирово-чепецк,https://master-na-dom.online/santehnik-kirovo-chepetsk,17,19,0,Кирово-Чепецк,SERVICE_CITY,11-20,10,1.2,12
вызов электрика на дом михайловск,https://master-na-dom.online/elektrik-mikhaylovsk,14,,0,Михайловск,SERVICE_CITY,11-20,10,1.2,12
мастер по кондиционерам берёзовский,https://master-na-dom.online/remont-kondicionerov-beryozovskiy,12,11,0,Берёзовский,SERVICE_CITY,11-20,10,1.2,12
мастер по ремонту посудомоечных машин энгельс,https://master-na-dom.online/remont-pmm-engels,18,16,0,Энгельс,SERVICE_CITY,11-20,10,1.2,12
мастер по ремонту стиральных машин новочебоксарск,https://master-na-dom.online/remont-stiralnyh-mashin-novocheboksarsk,13,8,0,Новочебоксарск,SERVICE_CITY,11-20,10,1.2,12
мастер по ремонту холодильников верхняя пышма,https://master-na-dom.online/remont-holodilnikov-verkhnyaya-pyshma,11,4,0,Верхняя Пышма,SERVICE_CITY,11-20,10,1.2,12
мелкий ремонт на дому жигулёвск,https://master-na-dom.online/master-na-chas-zhigulyovsk,12,10,0,Жигулёвск,SERVICE_CITY,11-20,10,1.2,12
ремонт водонагревателя в калининград на дому,https://master-na-dom.online/remont-vodonagrevatelej-kaliningrad,16,,0,Калининград,SERVICE_CITY,11-20,10,1.2,12
ремонт кондиционеров верхняя пышма,https://master-na-dom.online/remont-kondicionerov-verkhnyaya-pyshma,16,16,0,Верхняя Пышма,SERVICE_CITY,11-20,10,1.2,12
ремонт кофемашин в светлогорск,https://master-na-dom.online/remont-kofemashin-svetlogorsk,13,16,0,Светлогорск,SERVICE_CITY,11-20,10,1.2,12
ремонт кофемашины таганрог на дому,https://master-na-dom.online/remont-kofemashin-taganrog,20,23,0,Таганрог,SERVICE_CITY,11-20,10,1.2,12
ремонт окон балахна,https://master-na-dom.online/remont-okon-balakhna,12,16,0,Балахна,SERVICE_CITY,11-20,10,1.2,12
ремонт окон жигулёвск,https://master-na-dom.online/remont-okon-zhigulyovsk,20,24,0,Жигулёвск,SERVICE_CITY,11-20,10,1.2,12
ремонт пластиковых окон в новоульяновск,https://master-na-dom.online/remont-okon-novoulyanovsk,16,16,0,Новоульяновск,SERVICE_CITY,11-20,10,1.2,12
ремонт пластиковых окон камызяк,https://master-na-dom.online/remont-okon-kamyzyak,12,11,0,Камызяк,SERVICE_CITY,11-20,10,1.2,12
ремонт посудомоечных машин арамиль,https://master-na-dom.online/remont-pmm-aramil,11,13,0,Арамиль,SERVICE_CITY,11-20,10,1.2,12
ремонт посудомоечных машин в астрахань на дому,https://master-na-dom.online/remont-pmm-astrakhan,17,4,0,Астрахань,SERVICE_CITY,11-20,10,1.2,12
ремонт посудомоечных машин в грязи на дому,https://master-na-dom.online/remont-pmm-gryazi,14,7,0,Грязи,SERVICE_CITY,11-20,10,1.2,12
ремонт посудомоечных машин в ульяновск на дому,https://master-na-dom.online/remont-pmm-ulyanovsk,20,16,0,Ульяновск,SERVICE_CITY,11-20,10,1.2,12
ремонт посудомоечных машин новоульяновск,https://master-na-dom.online/remont-pmm-novoulyanovsk,15,7,0,Новоульяновск,SERVICE_CITY,11-20,10,1.2,12
ремонт стиральной машины нижнекамск недорого,https://master-na-dom.online/remont-stiralnyh-mashin-nizhnekamsk,17,,0,Нижнекамск,SERVICE_CITY,11-20,10,1.2,12
ремонт стиральных машин в верхняя пышма на дому,https://master-na-dom.online/remont-stiralnyh-mashin-verkhnyaya-pyshma,17,4,0,Верхняя Пышма,SERVICE_CITY,11-20,10,1.2,12
ремонт стиральных машин в жигулёвск на дому,https://master-na-dom.online/remont-stiralnyh-mashin-zhigulyovsk,11,9,0,Жигулёвск,SERVICE_CITY,11-20,10,1.2,12
ремонт стиральных машин в новоульяновск на дому,https://master-na-dom.online/remont-stiralnyh-mashin-novoulyanovsk,18,20,0,Новоульяновск,SERVICE_CITY,11-20,10,1.2,12
ремонт холодильника зеленоградск недорого,https://master-na-dom.online/remont-holodilnikov-zelenogradsk,14,13,0,Зеленоградск,SERVICE_CITY,11-20,10,1.2,12
ремонт холодильника коркино недорого,https://master-na-dom.online/remont-holodilnikov-korkino,16,8,0,Коркино,SERVICE_CITY,11-20,10,1.2,12
ремонт холодильников в светлогорск на дому,https://master-na-dom.online/remont-holodilnikov-svetlogorsk,19,12,0,Светлогорск,SERVICE_CITY,11-20,10,1.2,12
услуги электрика балахна,https://master-na-dom.online/elektrik-balakhna,18,,0,Балахна,SERVICE_CITY,11-20,10,1.2,12
частный сантехник богородск,https://master-na-dom.online/santehnik-bogorodsk,20,18,0,Богородск,SERVICE_CITY,11-20,10,1.2,12
частный сантехник жигулёвск,https://master-na-dom.online/santehnik-zhigulyovsk,18,,0,Жигулёвск,SERVICE_CITY,11-20,10,1.2,12
частный сантехник новоульяновск,https://master-na-dom.online/santehnik-novoulyanovsk,12,11,0,Новоульяновск,SERVICE_CITY,11-20,10,1.2,12
ремонт стиральных машин коркино,https://master-na-dom.online/remont-stiralnyh-mashin-korkino,88,12,25,Коркино,SERVICE_CITY,51-100,2,1.2,11.41
компьютерная помощь новочебоксарск,https://master-na-dom.online/kp-novocheboksarsk,30,29,0,Новочебоксарск,SERVICE_CITY,21-30,8,1.2,9.6
мастер на дом балаклава,https://master-na-dom.online/master-na-chas-balaklava,25,27,0,Балаклава,SERVICE_CITY,21-30,8,1.2,9.6
мастер на час йошкар-ола,https://master-na-dom.online/master-na-chas-yoshkar-ola,26,26,0,Йошкар-Ола,SERVICE_CITY,21-30,8,1.2,9.6
мастер по ремонту варочных панелей калининград,https://master-na-dom.online/remont-varochnyh-panelej-kaliningrad,26,85,0,Калининград,SERVICE_CITY,21-30,8,1.2,9.6
мастер по ремонту окон новокуйбышевск,https://master-na-dom.online/remont-okon-novokuybyshevsk,26,24,0,Новокуйбышевск,SERVICE_CITY,21-30,8,1.2,9.6
мастер по ремонту посудомоечных машин балтийск,https://master-na-dom.online/remont-pmm-baltiysk,21,5,0,Балтийск,SERVICE_CITY,21-30,8,1.2,9.6
мастер по ремонту холодильников копейск,https://master-na-dom.online/remont-holodilnikov-kopeysk,22,,0,Копейск,SERVICE_CITY,21-30,8,1.2,9.6
ремонт бойлеров таганрог,https://master-na-dom.online/remont-vodonagrevatelej-taganrog,26,,0,Таганрог,SERVICE_CITY,21-30,8,1.2,9.6
ремонт кондиционеров в кострома на дому,https://master-na-dom.online/remont-kondicionerov-kostroma,26,28,0,Кострома,SERVICE_CITY,21-30,8,1.2,9.6
ремонт кондиционеров в чебоксары на дому,https://master-na-dom.online/remont-kondicionerov-cheboksary,27,28,0,Чебоксары,SERVICE_CITY,21-30,8,1.2,9.6
ремонт пластиковых окон в семилуки,https://master-na-dom.online/remont-okon-semiluki,21,24,0,Семилуки,SERVICE_CITY,21-30,8,1.2,9.6
ремонт посудомойки камызяк,https://master-na-dom.online/remont-pmm-kamyzyak,27,28,0,Камызяк,SERVICE_CITY,21-30,8,1.2,9.6
ремонт посудомойки тольятти,https://master-na-dom.online/remont-pmm-tolyatti,27,,0,Тольятти,SERVICE_CITY,21-30,8,1.2,9.6
ремонт стиральной машины копейск недорого,https://master-na-dom.online/remont-stiralnyh-mashin-kopeysk,25,87,0,Копейск,SERVICE_CITY,21-30,8,1.2,9.6
ремонт стиральной машины таганрог недорого,https://master-na-dom.online/remont-stiralnyh-mashin-taganrog,26,24,0,Таганрог,SERVICE_CITY,21-30,8,1.2,9.6
ремонт стиральных машин в михайловск на дому,https://master-na-dom.online/remont-stiralnyh-mashin-mikhaylovsk,23,20,0,Михайловск,SERVICE_CITY,21-30,8,1.2,9.6
ремонт холодильника новочебоксарск недорого,https://master-na-dom.online/remont-holodilnikov-novocheboksarsk,23,,0,Новочебоксарск,SERVICE_CITY,21-30,8,1.2,9.6
ремонт холодильников берёзовский,https://master-na-dom.online/remont-holodilnikov-beryozovskiy,25,22,0,Берёзовский,SERVICE_CITY,21-30,8,1.2,9.6
услуги электрика кирово-чепецк,https://master-na-dom.online/elektrik-kirovo-chepetsk,26,22,0,Кирово-Чепецк,SERVICE_CITY,21-30,8,1.2,9.6
частный сантехник кстово,https://master-na-dom.online/santehnik-kstovo,26,,0,Кстово,SERVICE_CITY,21-30,8,1.2,9.6
электрик жигулёвск,https://master-na-dom.online/elektrik-zhigulyovsk,23,17,0,Жигулёвск,SERVICE_CITY,21-30,8,1.2,9.6
ремонт кофемашин оренбург,https://master-na-dom.online/remont-kofemashin-orenburg,42,,1,Оренбург,SERVICE_CITY,31-50,4,1.2,7.61
ремонт телевизоров в уфа на дому,https://master-na-dom.online/remont-televizorov-ufa,43,,1,Уфа,SERVICE_CITY,31-50,4,1.2,7.61
услуги электрика нижний новгород,https://master-na-dom.online/elektrik-nizhniy-novgorod,47,,1,Нижний Новгород,SERVICE_CITY,31-50,4,1.2,7.61
мастер на час адыгейск,https://master-na-dom.online/master-na-chas-adygeysk,5,6,0,Адыгейск,SERVICE_CITY,TOP10,5,1.2,6
мастер по ремонту кофемашин гвардейск,https://master-na-dom.online/remont-kofemashin-gvardeysk,5,5,0,Гвардейск,SERVICE_CITY,TOP10,5,1.2,6
мастер по ремонту стиральных машин балтийск,https://master-na-dom.online/remont-stiralnyh-mashin-baltiysk,8,4,0,Балтийск,SERVICE_CITY,TOP10,5,1.2,6
мастер по ремонту стиральных машин грязи,https://master-na-dom.online/remont-stiralnyh-mashin-gryazi,7,3,0,Грязи,SERVICE_CITY,TOP10,5,1.2,6
мастер по ремонту стиральных машин зеленоградск,https://master-na-dom.online/remont-stiralnyh-mashin-zelenogradsk,4,2,0,Зеленоградск,SERVICE_CITY,TOP10,5,1.2,6
мастер по ремонту холодильников балтийск,https://master-na-dom.online/remont-holodilnikov-baltiysk,5,3,0,Балтийск,SERVICE_CITY,TOP10,5,1.2,6
ремонт кондиционеров арамиль,https://master-na-dom.online/remont-kondicionerov-aramil,10,4,0,Арамиль,SERVICE_CITY,TOP10,5,1.2,6
ремонт кондиционеров в новочебоксарск на дому,https://master-na-dom.online/remont-kondicionerov-novocheboksarsk,7,3,0,Новочебоксарск,SERVICE_CITY,TOP10,5,1.2,6
ремонт кофемашин балтийск,https://master-na-dom.online/remont-kofemashin-baltiysk,6,7,0,Балтийск,SERVICE_CITY,TOP10,5,1.2,6
ремонт посудомоечных машин жигулёвск,https://master-na-dom.online/remont-pmm-zhigulyovsk,4,3,0,Жигулёвск,SERVICE_CITY,TOP10,5,1.2,6
ремонт посудомойки светлогорск,https://master-na-dom.online/remont-pmm-svetlogorsk,7,3,0,Светлогорск,SERVICE_CITY,TOP10,5,1.2,6
ремонт стиральной машины берёзовский недорого,https://master-na-dom.online/remont-stiralnyh-mashin-beryozovskiy,9,4,0,Берёзовский,SERVICE_CITY,TOP10,5,1.2,6
ремонт стиральных машин камызяк,https://master-na-dom.online/remont-stiralnyh-mashin-kamyzyak,5,4,0,Камызяк,SERVICE_CITY,TOP10,5,1.2,6
ремонт холодильника тутаев недорого,https://master-na-dom.online/remont-holodilnikov-tutaev,4,2,0,Тутаев,SERVICE_CITY,TOP10,5,1.2,6
ремонт холодильников в грязи на дому,https://master-na-dom.online/remont-holodilnikov-gryazi,4,3,0,Грязи,SERVICE_CITY,TOP10,5,1.2,6
сантехник адыгейск,https://master-na-dom.online/santehnik-adygeysk,10,11,0,Адыгейск,SERVICE_CITY,TOP10,5,1.2,6
электрик адыгейск,https://master-na-dom.online/elektrik-adygeysk,7,65,0,Адыгейск,SERVICE_CITY,TOP10,5,1.2,6
мастер на дом кирово-чепецк,https://master-na-dom.online/master-na-chas-kirovo-chepetsk,31,,0,Кирово-Чепецк,SERVICE_CITY,31-50,4,1.2,4.8
мастер на дом саратов,https://master-na-dom.online/master-na-chas-saratov,46,,0,Саратов,SERVICE_CITY,31-50,4,1.2,4.8
мастер по ремонту водонагревателей уфа,https://master-na-dom.online/remont-vodonagrevatelej-ufa,44,,0,Уфа,SERVICE_CITY,31-50,4,1.2,4.8
мастер по ремонту кофемашин чебоксары,https://master-na-dom.online/remont-kofemashin-cheboksary,32,23,0,Чебоксары,SERVICE_CITY,31-50,4,1.2,4.8
мастер по ремонту посудомоечных машин калининград,https://master-na-dom.online/remont-pmm-kaliningrad,35,,0,Калининград,SERVICE_CITY,31-50,4,1.2,4.8
мастер по ремонту посудомоечных машин липецк,https://master-na-dom.online/remont-pmm-lipetsk,37,,0,Липецк,SERVICE_CITY,31-50,4,1.2,4.8
мастер по ремонту телевизоров чебоксары,https://master-na-dom.online/remont-televizorov-cheboksary,49,39,0,Чебоксары,SERVICE_CITY,31-50,4,1.2,4.8
мелкий ремонт на дому сочи,https://master-na-dom.online/master-na-chas-sochi,36,,0,Сочи,SERVICE_CITY,31-50,4,1.2,4.8
ремонт кондиционеров в волгоград на дому,https://master-na-dom.online/remont-kondicionerov-volgograd,50,,0,Волгоград,SERVICE_CITY,31-50,4,1.2,4.8
ремонт кондиционеров кемерово,https://master-na-dom.online/remont-kondicionerov-kemerovo,40,26,0,Кемерово,SERVICE_CITY,31-50,4,1.2,4.8
ремонт кофемашины новочебоксарск на дому,https://master-na-dom.online/remont-kofemashin-novocheboksarsk,49,4,0,Новочебоксарск,SERVICE_CITY,31-50,4,1.2,4.8
ремонт посудомоечных машин в верхняя пышма на дому,https://master-na-dom.online/remont-pmm-verkhnyaya-pyshma,47,,0,Верхняя Пышма,SERVICE_CITY,31-50,4,1.2,4.8
ремонт посудомоечных машин в новочебоксарск на дому,https://master-na-dom.online/remont-pmm-novocheboksarsk,48,20,0,Новочебоксарск,SERVICE_CITY,31-50,4,1.2,4.8
ремонт посудомоечных машин в севастополь на дому,https://master-na-dom.online/remont-pmm-sevastopol,33,30,0,Севастополь,SERVICE_CITY,31-50,4,1.2,4.8
ремонт посудомоечных машин кострома,https://master-na-dom.online/remont-pmm-kostroma,40,29,0,Кострома,SERVICE_CITY,31-50,4,1.2,4.8
ремонт посудомоечных машин михайловск,https://master-na-dom.online/remont-pmm-mikhaylovsk,44,98,0,Михайловск,SERVICE_CITY,31-50,4,1.2,4.8
ремонт посудомойки ставрополь,https://master-na-dom.online/remont-pmm-stavropol,32,,0,Ставрополь,SERVICE_CITY,31-50,4,1.2,4.8
ремонт стиральной машины симферополь недорого,https://master-na-dom.online/remont-stiralnyh-mashin-simferopol,39,29,0,Симферополь,SERVICE_CITY,31-50,4,1.2,4.8
ремонт стиральной машины ульяновск недорого,https://master-na-dom.online/remont-stiralnyh-mashin-ulyanovsk,32,30,0,Ульяновск,SERVICE_CITY,31-50,4,1.2,4.8
ремонт стиральных машин в кострома на дому,https://master-na-dom.online/remont-stiralnyh-mashin-kostroma,44,34,0,Кострома,SERVICE_CITY,31-50,4,1.2,4.8
ремонт стиральных машин светлогорск,https://master-na-dom.online/remont-stiralnyh-mashin-svetlogorsk,31,26,0,Светлогорск,SERVICE_CITY,31-50,4,1.2,4.8
ремонт холодильника калининград недорого,https://master-na-dom.online/remont-holodilnikov-kaliningrad,34,,0,Калининград,SERVICE_CITY,31-50,4,1.2,4.8
ремонт холодильников в астрахань на дому,https://master-na-dom.online/remont-holodilnikov-astrakhan,32,,0,Астрахань,SERVICE_CITY,31-50,4,1.2,4.8
услуги сантехника балахна,https://master-na-dom.online/santehnik-balakhna,43,,0,Балахна,SERVICE_CITY,31-50,4,1.2,4.8
услуги сантехника калининград,https://master-na-dom.online/santehnik-kaliningrad,48,,0,Калининград,SERVICE_CITY,31-50,4,1.2,4.8
частный электрик калининград,https://master-na-dom.online/elektrik-kaliningrad,47,,0,Калининград,SERVICE_CITY,31-50,4,1.2,4.8
частный электрик новокуйбышевск,https://master-na-dom.online/elektrik-novokuybyshevsk,32,25,0,Новокуйбышевск,SERVICE_CITY,31-50,4,1.2,4.8
мастер по ремонту посудомоечных машин оренбург,https://master-na-dom.online/remont-pmm-orenburg,89,,0,Оренбург,SERVICE_CITY,51-100,2,1.2,2.4
ремонт кондиционеров в астрахань на дому,https://master-na-dom.online/remont-kondicionerov-astrakhan,94,,0,Астрахань,SERVICE_CITY,51-100,2,1.2,2.4
ремонт посудомойки берёзовский,https://master-na-dom.online/remont-pmm-beryozovskiy,67,,0,Берёзовский,SERVICE_CITY,51-100,2,1.2,2.4
электрик новоульяновск,https://master-na-dom.online/elektrik-novoulyanovsk,80,74,0,Новоульяновск,SERVICE_CITY,51-100,2,1.2,2.4
ремонт кофемашины зеленоградск на дому,https://master-na-dom.online/remont-kofemashin-zelenogradsk,3,1,0,Зеленоградск,SERVICE_CITY,TOP3,1,1.2,1.2
ремонт посудомоечных машин в зеленоградск на дому,https://master-na-dom.online/remont-pmm-zelenogradsk,3,1,0,Зеленоградск,SERVICE_CITY,TOP3,1,1.2,1.2