keyword,position,previousPosition,url,region,frequency,date
вызов сантехника на дом кирово-чепецк,17,19,https://master-na-dom.online/santehnik-kirovo-chepetsk,Кирово-Чепецк,0,16.09.2026
вызов электрика на дом михайловск,14,,https://master-na-dom.online/elektrik-mikhaylovsk,Михайловск,0,16.09.2026
компьютерная помощь новочебоксарск,30,29,https://master-na-dom.online/kp-novocheboksarsk,Новочебоксарск,0,16.09.2026
мастер на дом балаклава,25,27,https://master-na-dom.online/master-na-chas-balaklava,Балаклава,0,16.09.2026
мастер на дом кирово-чепецк,31,,https://master-na-dom.online/master-na-chas-kirovo-chepetsk,Кирово-Чепецк,0,16.09.2026
мастер на дом саратов,46,,https://master-na-dom.online/master-na-chas-saratov,Саратов,0,15.09.2026
мастер на дом тула,25,25,https://master-na-dom.online/master-na-chas-tula,Тула,5,16.09.2026
мастер на час адыгейск,5,6,https://master-na-dom.online/master-na-chas-adygeysk,Адыгейск,0,16.09.2026
мастер на час йошкар-ола,26,26,https://master-na-dom.online/master-na-chas-yoshkar-ola,Йошкар-Ола,0,16.09.2026
мастер на час новокуйбышевск,19,19,https://master-na-dom.online/master-na-chas-novokuybyshevsk,Новокуйбышевск,6,16.09.2026
мастер на час энгельс,17,19,https://master-na-dom.online/master-na-chas-engels,Энгельс,1,16.09.2026
мастер по кондиционерам берёзовский,12,11,https://master-na-dom.online/remont-kondicionerov-beryozovskiy,Берёзовский,0,16.09.2026
мастер по кондиционерам тольятти,30,,https://master-na-dom.online/remont-kondicionerov-tolyatti,Тольятти,36,16.09.2026
мастер по ремонту варочных панелей калининград,26,85,https://master-na-dom.online/remont-varochnyh-panelej-kaliningrad,Калининград,0,16.09.2026
мастер по ремонту водонагревателей уфа,44,,https://master-na-dom.online/remont-vodonagrevatelej-ufa,Уфа,0,15.09.2026
мастер по ремонту кофемашин гвардейск,5,5,https://master-na-dom.online/remont-kofemashin-gvardeysk,Гвардейск,0,16.09.2026
мастер по ремонту кофемашин чебоксары,32,23,https://master-na-dom.online/remont-kofemashin-cheboksary,Чебоксары,0,16.09.2026
мастер по ремонту окон новокуйбышевск,26,24,https://master-na-dom.online/remont-okon-novokuybyshevsk,Новокуйбышевск,0,16.09.2026
мастер по ремонту посудомоечных машин балтийск,21,5,https://master-na-dom.online/remont-pmm-baltiysk,Балтийск,0,16.09.2026
мастер по ремонту посудомоечных машин калининград,35,,https://master-na-dom.online/remont-pmm-kaliningrad,Калининград,0,16.09.2026
мастер по ремонту посудомоечных машин липецк,37,,https://master-na-dom.online/remont-pmm-lipetsk,Липецк,0,16.09.2026
мастер по ремонту посудомоечных машин оренбург,89,,https://master-na-dom.online/remont-pmm-orenburg,Оренбург,0,07.09.2026
мастер по ремонту посудомоечных машин энгельс,18,16,https://master-na-dom.online/remont-pmm-engels,Энгельс,0,16.09.2026
мастер по ремонту стиральных машин балтийск,8,4,https://master-na-dom.online/remont-stiralnyh-mashin-baltiysk,Балтийск,0,16.09.2026
мастер по ремонту стиральных машин грязи,7,3,https://master-na-dom.online/remont-stiralnyh-mashin-gryazi,Грязи,0,16.09.2026
мастер по ремонту стиральных машин зеленоградск,4,2,https://master-na-dom.online/remont-stiralnyh-mashin-zelenogradsk,Зеленоградск,0,16.09.2026
мастер по ремонту стиральных машин новочебоксарск,13,8,https://master-na-dom.online/remont-stiralnyh-mashin-novocheboksarsk,Новочебоксарск,0,16.09.2026
мастер по ремонту телевизоров чебоксары,49,39,https://master-na-dom.online/remont-televizorov-cheboksary,Чебоксары,0,16.09.2026
мастер по ремонту холодильников балтийск,5,3,https://master-na-dom.online/remont-holodilnikov-baltiysk,Балтийск,0,16.09.2026
мастер по ремонту холодильников верхняя пышма,11,4,https://master-na-dom.online/remont-holodilnikov-verkhnyaya-pyshma,Верхняя Пышма,0,16.09.2026
мастер по ремонту холодильников копейск,22,,https://master-na-dom.online/remont-holodilnikov-kopeysk,Копейск,0,16.09.2026
мастер по ремонту холодильников томск,24,,https://master-na-dom.online/remont-holodilnikov-tomsk,Томск,15,16.09.2026
мелкий ремонт на дому жигулёвск,12,10,https://master-na-dom.online/master-na-chas-zhigulyovsk,Жигулёвск,0,16.09.2026
мелкий ремонт на дому сочи,36,,https://master-na-dom.online/master-na-chas-sochi,Сочи,0,16.09.2026
ремонт бойлеров таганрог,26,,https://master-na-dom.online/remont-vodonagrevatelej-taganrog,Таганрог,0,16.09.2026
ремонт водонагревателя в калининград на дому,16,,https://master-na-dom.online/remont-vodonagrevatelej-kaliningrad,Калининград,0,16.09.2026
ремонт кондиционеров арамиль,10,4,https://master-na-dom.online/remont-kondicionerov-aramil,Арамиль,0,16.09.2026
ремонт кондиционеров в астрахань на дому,94,,https://master-na-dom.online/remont-kondicionerov-astrakhan,Астрахань,0,09.09.2026
ремонт кондиционеров в волгоград на дому,50,,https://master-na-dom.online/remont-kondicionerov-volgograd,Волгоград,0,15.09.2026
ремонт кондиционеров в кострома на дому,26,28,https://master-na-dom.online/remont-kondicionerov-kostroma,Кострома,0,16.09.2026
ремонт кондиционеров в новочебоксарск на дому,7,3,https://master-na-dom.online/remont-kondicionerov-novocheboksarsk,Новочебоксарск,0,16.09.2026
ремонт кондиционеров в чебоксары на дому,27,28,https://master-na-dom.online/remont-kondicionerov-cheboksary,Чебоксары,0,16.09.2026
ремонт кондиционеров верхняя пышма,16,16,https://master-na-dom.online/remont-kondicionerov-verkhnyaya-pyshma,Верхняя Пышма,0,16.09.2026
ремонт кондиционеров кемерово,40,26,https://master-na-dom.online/remont-kondicionerov-kemerovo,Кемерово,0,16.09.2026
ремонт кофемашин балтийск,6,7,https://master-na-dom.online/remont-kofemashin-baltiysk,Балтийск,0,16.09.2026
ремонт кофемашин в калининград,48,54,https://master-na-dom.online/remont-kofemashin-kaliningrad,Калининград,20,16.09.2026
ремонт кофемашин в светлогорск,13,16,https://master-na-dom.online/remont-kofemashin-svetlogorsk,Светлогорск,0,16.09.2026
ремонт кофемашин оренбург,42,,https://master-na-dom.online/remont-kofemashin-orenburg,Оренбург,1,16.09.2026
ремонт кофемашины зеленоградск на дому,3,1,https://master-na-dom.online/remont-kofemashin-zelenogradsk,Зеленоградск,0,16.09.2026
ремонт кофемашины новочебоксарск на дому,49,4,https://master-na-dom.online/remont-kofemashin-novocheboksarsk,Новочебоксарск,0,08.09.2026
ремонт кофемашины таганрог на дому,20,23,https://master-na-dom.online/remont-kofemashin-taganrog,Таганрог,0,16.09.2026
ремонт окон балахна,12,16,https://master-na-dom.online/remont-okon-balakhna,Балахна,0,16.09.2026
ремонт окон жигулёвск,20,24,https://master-na-dom.online/remont-okon-zhigulyovsk,Жигулёвск,0,16.09.2026
ремонт пластиковых окон в кстово,35,,https://master-na-dom.online/remont-okon-kstovo,Кстово,7,16.09.2026
ремонт пластиковых окон в новоульяновск,16,16,https://master-na-dom.online/remont-okon-novoulyanovsk,Новоульяновск,0,16.09.2026
ремонт пластиковых окон в семилуки,21,24,https://master-na-dom.online/remont-okon-semiluki,Семилуки,0,16.09.2026
ремонт пластиковых окон камызяк,12,11,https://master-na-dom.online/remont-okon-kamyzyak,Камызяк,0,16.09.2026
ремонт посудомоечных машин арамиль,11,13,https://master-na-dom.online/remont-pmm-aramil,Арамиль,0,16.09.2026
ремонт посудомоечных машин в астрахань на дому,17,4,https://master-na-dom.online/remont-pmm-astrakhan,Астрахань,0,16.09.2026
ремонт посудомоечных машин в верхняя пышма на дому,47,,https://master-na-dom.online/remont-pmm-verkhnyaya-pyshma,Верхняя Пышма,0,15.09.2026
ремонт посудомоечных машин в грязи на дому,14,7,https://master-na-dom.online/remont-pmm-gryazi,Грязи,0,16.09.2026
ремонт посудомоечных машин в зеленоградск на дому,3,1,https://master-na-dom.online/remont-pmm-zelenogradsk,Зеленоградск,0,16.09.2026
ремонт посудомоечных машин в новочебоксарск на дому,48,20,https://master-na-dom.online/remont-pmm-novocheboksarsk,Новочебоксарск,0,15.09.2026
ремонт посудомоечных машин в севастополь на дому,33,30,https://master-na-dom.online/remont-pmm-sevastopol,Севастополь,0,16.09.2026
ремонт посудомоечных машин в ульяновск на дому,20,16,https://master-na-dom.online/remont-pmm-ulyanovsk,Ульяновск,0,16.09.2026
ремонт посудомоечных машин воронеж,74,,https://master-na-dom.online/remont-pmm-voronezh,Воронеж,119,07.09.2026
ремонт посудомоечных машин жигулёвск,4,3,https://master-na-dom.online/remont-pmm-zhigulyovsk,Жигулёвск,0,16.09.2026
ремонт посудомоечных машин кемерово,30,74,https://master-na-dom.online/remont-pmm-kemerovo,Кемерово,22,15.09.2026
ремонт посудомоечных машин кострома,40,29,https://master-na-dom.online/remont-pmm-kostroma,Кострома,0,16.09.2026
ремонт посудомоечных машин михайловск,44,98,https://master-na-dom.online/remont-pmm-mikhaylovsk,Михайловск,0,15.09.2026
ремонт посудомоечных машин новоульяновск,15,7,https://master-na-dom.online/remont-pmm-novoulyanovsk,Новоульяновск,0,16.09.2026
ремонт посудомоечных машин томск,33,,https://master-na-dom.online/remont-pmm-tomsk,Томск,78,16.09.2026
ремонт посудомойки берёзовский,67,,https://master-na-dom.online/remont-pmm-beryozovskiy,Берёзовский,0,07.09.2026
ремонт посудомойки волжский,22,,https://master-na-dom.online/remont-pmm-volzhskiy,Волжский,1,16.09.2026
ремонт посудомойки камызяк,27,28,https://master-na-dom.online/remont-pmm-kamyzyak,Камызяк,0,16.09.2026
ремонт посудомойки светлогорск,7,3,https://master-na-dom.online/remont-pmm-svetlogorsk,Светлогорск,0,16.09.2026
ремонт посудомойки ставрополь,32,,https://master-na-dom.online/remont-pmm-stavropol,Ставрополь,0,16.09.2026
ремонт посудомойки тольятти,27,,https://master-na-dom.online/remont-pmm-tolyatti,Тольятти,0,16.09.2026
ремонт стиральной машины берёзовский недорого,9,4,https://master-na-dom.online/remont-stiralnyh-mashin-beryozovskiy,Берёзовский,0,16.09.2026
ремонт стиральной машины волжский недорого,24,12,https://master-na-dom.online/remont-stiralnyh-mashin-volzhskiy,Волжский,2,16.09.2026
ремонт стиральной машины копейск недорого,25,87,https://master-na-dom.online/remont-stiralnyh-mashin-kopeysk,Копейск,0,16.09.2026
ремонт стиральной машины нижнекамск недорого,17,,https://master-na-dom.online/remont-stiralnyh-mashin-nizhnekamsk,Нижнекамск,0,16.09.2026
ремонт стиральной машины симферополь недорого,39,29,https://master-na-dom.online/remont-stiralnyh-mashin-simferopol,Симферополь,0,16.09.2026
ремонт стиральной машины таганрог недорого,26,24,https://master-na-dom.online/remont-stiralnyh-mashin-taganrog,Таганрог,0,16.09.2026
ремонт стиральной машины ульяновск недорого,32,30,https://master-na-dom.online/remont-stiralnyh-mashin-ulyanovsk,Ульяновск,0,16.09.2026
ремонт стиральных машин арамиль,11,17,https://master-na-dom.online/remont-stiralnyh-mashin-aramil,Арамиль,46,16.09.2026
ремонт стиральных машин в верхняя пышма на дому,17,4,https://master-na-dom.online/remont-stiralnyh-mashin-verkhnyaya-pyshma,Верхняя Пышма,0,16.09.2026
ремонт стиральных машин в жигулёвск на дому,11,9,https://master-na-dom.online/remont-stiralnyh-mashin-zhigulyovsk,Жигулёвск,0,16.09.2026
ремонт стиральных машин в кемерово на дому,32,,https://master-na-dom.online/remont-stiralnyh-mashin-kemerovo,Кемерово,49,16.09.2026
ремонт стиральных машин в кострома на дому,44,34,https://master-na-dom.online/remont-stiralnyh-mashin-kostroma,Кострома,0,16.09.2026
ремонт стиральных машин в михайловск на дому,23,20,https://master-na-dom.online/remont-stiralnyh-mashin-mikhaylovsk,Михайловск,0,16.09.2026
ремонт стиральных машин в новоульяновск на дому,18,20,https://master-na-dom.online/remont-stiralnyh-mashin-novoulyanovsk,Новоульяновск,0,16.09.2026
ремонт стиральных машин камызяк,5,4,https://master-na-dom.online/remont-stiralnyh-mashin-kamyzyak,Камызяк,0,16.09.2026
ремонт стиральных машин коркино,88,12,https://master-na-dom.online/remont-stiralnyh-mashin-korkino,Коркино,25,16.09.2026
ремонт стиральных машин светлогорск,31,26,https://master-na-dom.online/remont-stiralnyh-mashin-svetlogorsk,Светлогорск,0,16.09.2026
ремонт телевизоров в уфа на дому,43,,https://master-na-dom.online/remont-televizorov-ufa,Уфа,1,16.09.2026
ремонт телевизоров вологда,42,87,https://master-na-dom.online/remont-televizorov-vologda,Вологда,757,16.09.2026
ремонт холодильника зеленоградск недорого,14,13,https://master-na-dom.online/remont-holodilnikov-zelenogradsk,Зеленоградск,0,16.09.2026
ремонт холодильника калининград недорого,34,,https://master-na-dom.online/remont-holodilnikov-kaliningrad,Калининград,0,16.09.2026
ремонт холодильника коркино недорого,16,8,https://master-na-dom.online/remont-holodilnikov-korkino,Коркино,0,16.09.2026
ремонт холодильника новочебоксарск недорого,23,,https://master-na-dom.online/remont-holodilnikov-novocheboksarsk,Новочебоксарск,0,16.09.2026
ремонт холодильника тутаев недорого,4,2,https://master-na-dom.online/remont-holodilnikov-tutaev,Тутаев,0,16.09.2026
ремонт холодильников арамиль,16,7,https://master-na-dom.online/remont-holodilnikov-aramil,Арамиль,99,16.09.2026
ремонт холодильников берёзовский,25,22,https://master-na-dom.online/remont-holodilnikov-beryozovskiy,Берёзовский,0,16.09.2026
ремонт холодильников в астрахань на дому,32,,https://master-na-dom.online/remont-holodilnikov-astrakhan,Астрахань,0,16.09.2026
ремонт холодильников в грязи на дому,4,3,https://master-na-dom.online/remont-holodilnikov-gryazi,Грязи,0,16.09.2026
ремонт холодильников в светлогорск на дому,19,12,https://master-na-dom.online/remont-holodilnikov-svetlogorsk,Светлогорск,0,16.09.2026
ремонт холодильников кострома,15,61,https://master-na-dom.online/remont-holodilnikov-kostroma,Кострома,5,16.09.2026
ремонт холодильников оренбург,46,88,https://master-na-dom.online/remont-holodilnikov-orenburg,Оренбург,868,15.09.2026
сантехник адыгейск,10,11,https://master-na-dom.online/santehnik-adygeysk,Адыгейск,0,16.09.2026
сантехник бор,26,26,https://master-na-dom.online/santehnik-bor,Бор,4,16.09.2026
услуги сантехника балахна,43,,https://master-na-dom.online/santehnik-balakhna,Балахна,0,15.09.2026
услуги сантехника калининград,48,,https://master-na-dom.online/santehnik-kaliningrad,Калининград,0,15.09.2026
услуги электрика балахна,18,,https://master-na-dom.online/elektrik-balakhna,Балахна,0,16.09.2026
услуги электрика кирово-чепецк,26,22,https://master-na-dom.online/elektrik-kirovo-chepetsk,Кирово-Чепецк,0,16.09.2026
услуги электрика нижний новгород,47,,https://master-na-dom.online/elektrik-nizhniy-novgorod,Нижний Новгород,1,15.09.2026
частный сантехник богородск,20,18,https://master-na-dom.online/santehnik-bogorodsk,Богородск,0,16.09.2026
частный сантехник жигулёвск,18,,https://master-na-dom.online/santehnik-zhigulyovsk,Жигулёвск,0,16.09.2026
частный сантехник кстово,26,,https://master-na-dom.online/santehnik-kstovo,Кстово,0,16.09.2026
частный сантехник новоульяновск,12,11,https://master-na-dom.online/santehnik-novoulyanovsk,Новоульяновск,0,16.09.2026
частный электрик калининград,47,,https://master-na-dom.online/elektrik-kaliningrad,Калининград,0,15.09.2026
частный электрик новокуйбышевск,32,25,https://master-na-dom.online/elektrik-novokuybyshevsk,Новокуйбышевск,0,16.09.2026
электрик адыгейск,7,65,https://master-na-dom.online/elektrik-adygeysk,Адыгейск,0,16.09.2026
электрик жигулёвск,23,17,https://master-na-dom.online/elektrik-zhigulyovsk,Жигулёвск,0,16.09.2026
электрик новоульяновск,80,74,https://master-na-dom.online/elektrik-novoulyanovsk,Новоульяновск,0,16.09.2026
электрик энгельс,45,,https://master-na-dom.online/elektrik-engels,Энгельс,998,15.09.2026
